image_name,cx,cy,width,height,angle
task_smaple.png,25.73344612121582,6871.417556762695,11.373943328857422,4.695801258087158,33.96511347822063
task_smaple.png,72.8170394897461,9175.508117675781,14.440595626831055,4.3588361740112305,27.86157618117449
task_smaple.png,13.138010025024414,9358.005950927734,8.441204071044922,4.921360969543457,43.555856789982855
task_smaple.png,26.13909339904785,9353.37289428711,7.768119812011719,3.660722255706787,22.89794452263741
task_smaple.png,243.8601837158203,9931.30209350586,25.12215805053711,12.483680725097656,22.096495248069992
task_smaple.png,70.39615631103516,10230.317077636719,17.73809242248535,6.027917861938477,74.30059413115042
task_smaple.png,75.2113265991211,10224.76171875,16.24246597290039,5.568063735961914,78.71173520281975
task_smaple.png,249.0873260498047,10319.062286376953,21.854997634887695,18.631988525390625,99.5964387789136
task_smaple.png,214.13465881347656,10428.883483886719,18.134357452392578,5.278440475463867,50.6433357709354
task_smaple.png,122.18669128417969,10258.991054534912,16.056385040283203,5.013816833496094,75.84849258199372
task_smaple.png,221.17108154296875,10427.46401977539,15.708276748657227,4.605999946594238,48.22982012581969
task_smaple.png,219.0836639404297,10447.117919921875,9.554247856140137,4.118107795715332,103.43904173426023
task_smaple.png,253.55665588378906,10301.406929016113,8.977812767028809,5.63035774230957,89.38854347941111
task_smaple.png,235.60345458984375,10493.773361206055,5.062587261199951,4.169198989868164,90.28316848708856
task_smaple.png,192.7930908203125,10511.943458557129,36.6796875,21.63442611694336,155.69714009291877
task_smaple.png,329.1986770629883,6601.035095214844,15.780279159545898,4.213887691497803,24.583423473932285
task_smaple.png,403.85382080078125,6567.162857055664,14.373043060302734,5.993051528930664,76.60245667390393
task_smaple.png,277.9531993865967,6550.39958190918,13.934013366699219,6.355536937713623,80.31639252566588
task_smaple.png,354.5307388305664,8053.064346313477,11.645111083984375,4.844321250915527,75.08625713099865
task_smaple.png,272.3817844390869,8970.554292678833,37.584861755371094,16.943572998046875,177.60904264848
task_smaple.png,348.92430877685547,8980.306797027588,6.299959182739258,3.037062168121338,21.167382907725862
task_smaple.png,393.43519592285156,9439.782424926758,25.608047485351562,6.6307525634765625,67.12209263422369
task_smaple.png,377.87939453125,9224.645632743835,20.322919845581055,6.246791839599609,63.89530636463457
task_smaple.png,489.4834747314453,9722.063568115234,9.62062931060791,5.022671699523926,91.3372306005616
task_smaple.png,508.08616638183594,9908.906219482422,22.40468406677246,10.47401237487793,86.30785495616857
task_smaple.png,503.3534698486328,9838.44010925293,13.110742568969727,5.148642539978027,10.241854146282133
task_smaple.png,423.0480499267578,9742.082790374756,11.561033248901367,4.061934471130371,15.645555746816783
task_smaple.png,383.1269989013672,9787.91089630127,8.766587257385254,3.5881924629211426,20.466011272424765
task_smaple.png,378.3463363647461,9907.133605957031,8.243206024169922,3.3628592491149902,44.61511667741428
task_smaple.png,276.039249420166,10001.730701446533,37.98228073120117,37.79497528076172,1.4690190507180654
task_smaple.png,277.37708473205566,10232.631103515625,21.77719497680664,13.819557189941406,35.871026539693915
task_smaple.png,386.70982360839844,10570.328285217285,18.791465759277344,5.366084098815918,90.15172149651166
task_smaple.png,386.3103485107422,10542.853267669678,18.33806610107422,6.3474650382995605,27.85078277473858
task_smaple.png,371.8735885620117,10693.286392211914,14.964767456054688,6.390293598175049,20.21008579177168
task_smaple.png,371.39141845703125,10683.747329711914,14.322259902954102,5.309838771820068,6.461307728413288
task_smaple.png,378.2927703857422,10699.765075683594,13.91908073425293,5.140883922576904,105.40151217715581
task_smaple.png,404.1048583984375,10676.755828857422,13.398910522460938,3.399585485458374,105.7235555965219
task_smaple.png,399.7691345214844,10675.233673095703,13.327125549316406,4.752423286437988,100.58812760488608
task_smaple.png,295.8975028991699,10550.547218322754,11.804927825927734,4.295955657958984,65.09661369623475
task_smaple.png,290.4994010925293,10537.757373809814,10.378195762634277,3.7553188800811768,70.69233496622691
task_smaple.png,407.3436737060547,10761.284732818604,17.252552032470703,5.285977363586426,40.378708920186796
task_smaple.png,396.1156768798828,10785.035758972168,15.851848602294922,4.879222869873047,14.912304203564648
task_smaple.png,398.59336853027344,10742.654956817627,9.029274940490723,4.368982791900635,6.313673616390285
task_smaple.png,523.1003475189209,6386.196365356445,23.582807540893555,19.363983154296875,91.53999842645177
task_smaple.png,532.3163986206055,6670.9102420806885,15.856189727783203,4.7063307762146,73.64167212154095
task_smaple.png,554.826831817627,6675.144453048706,15.676122665405273,6.079495906829834,40.21390328570356
task_smaple.png,666.8758850097656,9477.64427947998,17.565353393554688,7.014098167419434,25.803474552162275
task_smaple.png,680.3926391601562,9473.239699363708,13.049171447753906,4.885310649871826,18.80461386059606
task_smaple.png,569.9750213623047,9475.702275276184,10.65078353881836,3.8713340759277344,16.268815631222324
task_smaple.png,639.2861175537109,9693.302490234375,7.858623504638672,3.0219736099243164,20.01848532517448
task_smaple.png,614.6500549316406,10229.915878295898,21.35642433166504,6.606222152709961,126.09699902267279
task_smaple.png,565.6316680908203,10408.05810546875,15.369562149047852,4.8229570388793945,3.703170619856357
task_smaple.png,564.3081398010254,10586.190979003906,10.868274688720703,3.9681389331817627,16.806180764173078
task_smaple.png,542.0275840759277,10648.663223266602,10.794753074645996,3.6957216262817383,102.58071918202141
task_smaple.png,516.9155516624451,10632.950057983398,10.654520988464355,4.288614273071289,11.607522296295857
task_smaple.png,516.4805207252502,10634.536666870117,9.392176628112793,4.508349418640137,7.785363804682354
task_smaple.png,599.6541748046875,10824.855598449707,8.373453140258789,2.9021599292755127,6.968711809682956
task_smaple.png,856.6693649291992,8564.348403930664,12.603485107421875,4.597046375274658,23.239141499983518
task_smaple.png,855.9720458984375,8565.88680267334,12.502689361572266,4.693964004516602,21.09061158145492
task_smaple.png,1008.6567230224609,9145.492584228516,18.653640747070312,4.372861862182617,147.617682002954
task_smaple.png,979.9903259277344,9148.533920288086,16.445802688598633,4.997579574584961,49.92746705912095
task_smaple.png,906.0261993408203,9135.714065551758,13.582609176635742,3.602597236633301,5.100671293383748
task_smaple.png,863.7813720703125,9118.952102661133,13.53182315826416,5.753853797912598,37.585666983650164
task_smaple.png,839.7498931884766,9210.477035522461,12.454811096191406,6.660766124725342,90.84537501805065
task_smaple.png,907.5041961669922,9130.456329345703,11.649418830871582,3.98432993888855,16.100297788925186
task_smaple.png,880.1519927978516,9126.227005004883,11.425488471984863,3.9487123489379883,39.665152227406395
task_smaple.png,783.4430599212646,9125.201782226562,9.601028442382812,3.900778293609619,22.458958019396935
task_smaple.png,980.0114593505859,9140.412658691406,8.415044784545898,3.1557364463806152,50.081713221147346
task_smaple.png,836.2282028198242,9133.315414428711,6.183106422424316,3.1433029174804688,36.99585965825205
task_smaple.png,833.552848815918,9323.195320129395,22.943748474121094,14.469514846801758,8.395485820219376
task_smaple.png,881.8220672607422,9341.025360107422,14.4346284866333,5.992231369018555,77.57379836633895
task_smaple.png,1242.3157196044922,8610.500930786133,18.503629684448242,4.5515618324279785,32.62012628724006
task_smaple.png,1236.8409423828125,8610.977249145508,14.626930236816406,4.176516532897949,31.348645592107168
task_smaple.png,1249.7176208496094,8589.656677246094,11.496055603027344,4.369690895080566,104.95108169196098
task_smaple.png,1250.3062896728516,8570.961235046387,8.249044418334961,3.160724639892578,23.585657487145777
task_smaple.png,1227.400375366211,8558.057579040527,8.05296516418457,4.030572891235352,53.9846506525273
task_smaple.png,1267.4934997558594,8742.958465576172,13.253499984741211,5.337915420532227,85.26789035314242
task_smaple.png,1111.0975494384766,8776.446716308594,12.585988998413086,4.513190269470215,32.142521894432335
task_smaple.png,1109.9479141235352,8799.926460266113,10.984169006347656,5.544733047485352,50.235877420903705
task_smaple.png,1265.3838806152344,8779.273780822754,8.190359115600586,3.218449831008911,30.386558805997513
task_smaple.png,1159.2951965332031,8973.96104335785,58.53910827636719,19.7193603515625,0.789835498379164
task_smaple.png,1159.3668670654297,9002.727363586426,18.39151954650879,4.484285831451416,16.90004634638927
task_smaple.png,1177.1488342285156,8991.474811553955,13.60189151763916,3.8594493865966797,65.78209831152641
task_smaple.png,1060.0300559997559,9252.787368774414,14.07345962524414,6.363568305969238,40.559374253922805
task_smaple.png,1058.6880950927734,9255.097648620605,14.010205268859863,6.398587703704834,50.41400875445763
task_smaple.png,1076.4931602478027,9268.337379455566,8.122651100158691,3.3626537322998047,57.839660646501265
task_smaple.png,1074.896583557129,9274.832904815674,8.008244514465332,2.6805052757263184,44.00485976564115
task_smaple.png,1073.288101196289,9259.804107666016,6.690532207489014,3.06898832321167,18.45308280703572
task_smaple.png,1067.1794242858887,9268.013668060303,6.4332804679870605,2.71286678314209,40.9983334364066
task_smaple.png,1172.788589477539,9934.619079589844,25.96438217163086,5.514239311218262,73.85620153318187
task_smaple.png,1192.9702758789062,10033.641960144043,9.031978607177734,3.341773271560669,36.591935931115835
task_smaple.png,1390.940315246582,8568.387344360352,16.298683166503906,4.595057964324951,63.20573046603008
task_smaple.png,1508.4654541015625,8571.184448242188,7.499317169189453,2.770599365234375,14.734968587049023
task_smaple.png,1403.6488800048828,8714.525728225708,14.619214057922363,4.975122451782227,17.508023682526908
task_smaple.png,1283.1051898002625,8938.233581542969,12.892827033996582,6.229073524475098,89.08063172143777
task_smaple.png,1312.5529289245605,8722.837898254395,11.395957946777344,5.128430366516113,36.47053273371345
task_smaple.png,1309.5446643829346,8726.883083343506,10.137678146362305,4.7450385093688965,43.52298308950758
task_smaple.png,1318.145896911621,9424.143630981445,13.758001327514648,5.853475570678711,65.69344928628881
task_smaple.png,1327.649154663086,9422.898666381836,12.839143753051758,4.308751106262207,59.567391148001846
task_smaple.png,1540.264841079712,8534.844543457031,17.330062866210938,5.952662944793701,66.39844092185001
task_smaple.png,1767.1750946044922,10295.559074401855,14.061014175415039,4.42161750793457,82.4354655458515
task_smaple.png,1853.4559936523438,10369.032485961914,18.408763885498047,7.223665714263916,30.648786843707228
task_smaple.png,2149.161552429199,6615.091598510742,28.61667251586914,16.313520431518555,71.87815142878951
task_smaple.png,2149.3809814453125,6650.220520019531,11.947806358337402,8.649489402770996,88.49893183058447
task_smaple.png,2203.7227630615234,6675.283803939819,6.792053699493408,3.102834463119507,42.88906640244953
task_smaple.png,2220.28515625,8397.031143188477,7.908248424530029,2.966763496398926,13.752431360790702
task_smaple.png,2299.4530181884766,8513.388893127441,25.75342559814453,10.295015335083008,85.30717760124834
task_smaple.png,2133.7574462890625,8984.356916427612,9.723166465759277,4.2927775382995605,29.545246839886605
task_smaple.png,2375.3778228759766,2585.158926010132,29.524105072021484,7.08705997467041,155.95887294191368
task_smaple.png,2442.2989196777344,8014.579788208008,16.111623764038086,7.967473983764648,10.465803242562158
task_smaple.png,2305.92774105072,8520.560440063477,19.40226173400879,6.614317893981934,54.964967213531715
task_smaple.png,2325.4539165496826,8578.628173828125,16.94007110595703,3.988954544067383,22.406761713759696
task_smaple.png,2324.5997352600098,8570.955307006836,16.113637924194336,4.764043807983398,31.62679480077218
task_smaple.png,2325.5122413635254,8579.717300415039,15.065160751342773,3.4855709075927734,25.531991608127196
task_smaple.png,2326.8357372283936,8568.952926635742,9.686620712280273,4.596761703491211,30.500418059461627
task_smaple.png,2322.2091541290283,8588.183471679688,8.092123985290527,3.2646236419677734,18.5584999466857
task_smaple.png,2356.57421875,8546.97477722168,7.006209373474121,2.925377368927002,92.02037929115711
task_smaple.png,2349.1594276428223,8988.662576675415,18.344524383544922,5.690498352050781,33.86714465986056
task_smaple.png,2354.267448425293,8992.58470916748,15.538862228393555,5.743691444396973,36.98905337474413
task_smaple.png,2373.7093963623047,8965.45488357544,13.363821029663086,4.492696762084961,18.720945750810696
task_smaple.png,2599.6202430725098,409.10943603515625,4.486418724060059,2.4445996284484863,92.02072763080479
task_smaple.png,2810.864990234375,5302.839691162109,8.898547172546387,4.847736358642578,178.11484547727613
task_smaple.png,2745.24365234375,5285.981094360352,8.590791702270508,3.826024055480957,115.58125343689949
task_smaple.png,2783.2550201416016,5503.044525146484,18.334903717041016,6.905897617340088,22.804650968764207
task_smaple.png,2740.046432495117,6588.536041259766,8.22121524810791,3.588695526123047,17.15325341175269
task_smaple.png,2654.638168334961,6784.965576171875,16.008255004882812,6.67954158782959,115.10148728921946
task_smaple.png,2811.3048248291016,7262.000205993652,20.5115909576416,5.936961650848389,105.95994844369605
task_smaple.png,2809.014633178711,7264.050888061523,18.930082321166992,6.529409885406494,107.83749231445168
task_smaple.png,2813.6424560546875,7264.546539306641,15.65244197845459,5.043871879577637,108.37674257961336
task_smaple.png,2810.9782104492188,7295.053398132324,15.228646278381348,8.734027862548828,46.95150241132762
task_smaple.png,2803.478790283203,7308.474411010742,9.9352388381958,5.204856872558594,35.67011994035258
task_smaple.png,2810.668991088867,7255.065505981445,8.896539688110352,5.988096714019775,98.20172098058616
task_smaple.png,2791.4595642089844,7317.653259277344,8.753761291503906,4.796669006347656,37.17057931231556
task_smaple.png,2810.690139770508,7702.755210876465,38.64585876464844,19.035673141479492,55.160402831347874
task_smaple.png,2810.7481079101562,7711.6434898376465,29.663320541381836,21.20387840270996,52.22147488432894
task_smaple.png,3050.8171997070312,4605.940673828125,5.899579048156738,3.1186673641204834,137.57283697931808
task_smaple.png,3052.5443267822266,5787.815200805664,30.907581329345703,12.21269416809082,72.23168885041854
task_smaple.png,3052.9464721679688,5782.792266845703,28.588096618652344,10.936875343322754,61.5764912923611
task_smaple.png,3034.3253631591797,5831.682327270508,11.264751434326172,5.018949031829834,44.25597850066584
task_smaple.png,3021.6592712402344,5847.586395263672,11.097623825073242,4.249886512756348,69.80083135500017
task_smaple.png,3035.881057739258,5830.13623046875,9.955333709716797,5.634021759033203,37.07363843742557
task_smaple.png,3036.5176696777344,5796.331008911133,8.501629829406738,3.1616358757019043,86.79786638760362
task_smaple.png,3067.1690216064453,5917.451135635376,23.996109008789062,8.603975296020508,80.94681898605805
task_smaple.png,3063.1988525390625,5919.651182174683,21.35988998413086,7.592002868652344,78.70783516480368
task_smaple.png,3059.2982482910156,5921.368434906006,19.42945671081543,6.206866264343262,78.68937316347713
task_smaple.png,2845.0439434051514,6265.214614868164,24.469661712646484,6.899842262268066,76.45641356907072
task_smaple.png,2892.1979598999023,6226.834365844727,23.92159080505371,6.143528938293457,69.24645222082691
task_smaple.png,2889.697006225586,6222.100242614746,20.04322624206543,5.0139360427856445,60.07056435396751
task_smaple.png,2849.6628913879395,6263.041603088379,18.189373016357422,6.007984161376953,71.36764259965524
task_smaple.png,2978.333053588867,6323.224060058594,18.131591796875,7.9720540046691895,95.09123234199484
task_smaple.png,2851.384998321533,6261.136413574219,16.022987365722656,5.089384078979492,74.73179763383166
task_smaple.png,3034.2047424316406,6172.068658828735,12.75601577758789,3.90659236907959,41.910091973617014
task_smaple.png,2900.2485885620117,6227.6629638671875,11.892154693603516,4.351633548736572,67.81242668382606
task_smaple.png,2852.78426361084,6220.963478088379,11.385221481323242,4.091114044189453,85.84344990393188
task_smaple.png,2960.0597076416016,6385.548629760742,11.305614471435547,3.8502087593078613,91.82392256006003
task_smaple.png,2986.9015350341797,6213.953506469727,10.07432746887207,3.1597585678100586,90.35720090750232
task_smaple.png,2995.702438354492,6203.144023895264,5.740614891052246,3.1884143352508545,89.028373944098
task_smaple.png,2966.570083618164,6457.250514984131,15.169473648071289,4.585777759552002,34.384671508367006
task_smaple.png,2966.073989868164,6459.157039642334,14.458785057067871,4.627934455871582,35.95690592322307
task_smaple.png,2897.546417236328,7173.858393669128,51.42171096801758,43.04813766479492,130.33600566687946
task_smaple.png,2819.217142343521,7717.5068283081055,23.46762466430664,9.595293045043945,68.28321796293669
task_smaple.png,2866.0153999328613,7757.307510375977,22.95323371887207,5.736469268798828,68.67979923671514
task_smaple.png,2868.6557121276855,7753.856880187988,22.072616577148438,8.248252868652344,65.40547485050273
task_smaple.png,2859.8814697265625,7754.830917358398,17.448654174804688,6.381372451782227,66.06999761523161
task_smaple.png,2826.3812561035156,7837.172958374023,17.33767318725586,5.963990211486816,103.27728919433599
task_smaple.png,2969.2671661376953,7894.657852172852,11.267066955566406,4.670069217681885,98.89863933254841
task_smaple.png,2860.119167327881,7908.041213989258,11.091730117797852,3.1400389671325684,16.909075856472025
task_smaple.png,2869.3922958374023,7955.890819549561,26.327152252197266,9.051472663879395,24.990693993761806
task_smaple.png,2871.5931091308594,7942.838363170624,21.296245574951172,7.979461193084717,21.74371426989154
task_smaple.png,2885.3734817504883,7938.8316740989685,18.14727020263672,5.524376392364502,16.834010369946295
task_smaple.png,2861.904510498047,7967.152149200439,17.873638153076172,6.022184371948242,19.07941115392589
task_smaple.png,3032.7798767089844,8023.628440856934,12.037940979003906,3.462122917175293,97.08426105123705
task_smaple.png,3031.6118774414062,7991.623722076416,8.36376953125,4.556883811950684,94.75212711008204
task_smaple.png,3093.5817317962646,4488.183944702148,42.413787841796875,20.833332061767578,15.042960599745115
task_smaple.png,3325.2437438964844,4876.284453392029,17.908302307128906,7.256043434143066,87.66933705399471
task_smaple.png,3324.7293090820312,5017.824371337891,7.084879398345947,6.3761887550354,11.069986408615854
task_smaple.png,3220.4788818359375,6020.9154052734375,14.844934463500977,4.65676212310791,70.00992393606177
task_smaple.png,3093.606098175049,5949.523017883301,12.710038185119629,5.235836982727051,56.28190964778022
task_smaple.png,3077.8506865501404,6132.383941650391,12.385717391967773,8.043634414672852,95.37304594714956
task_smaple.png,3237.482452392578,6021.466903686523,11.657180786132812,5.528285980224609,66.034740178736
task_smaple.png,3142.3421478271484,6382.123809814453,9.460023880004883,3.8725314140319824,45.39476911079289
task_smaple.png,3288.872817993164,6312.269805908203,7.145046234130859,3.631850242614746,115.44048323810553
task_smaple.png,3256.8033599853516,7865.147888183594,10.547393798828125,4.437548637390137,104.91764791597376
task_smaple.png,3165.6482009887695,7990.527633666992,8.942572593688965,6.940228462219238,114.56239411840869
task_smaple.png,3180.231132507324,7954.734926223755,8.018878936767578,3.645291805267334,100.45437201036972
task_smaple.png,3429.3574600219727,4444.214950561523,11.94894790649414,4.505198001861572,52.442595428518935
task_smaple.png,3387.4691429138184,5625.409576416016,16.003459930419922,6.131937026977539,103.87599625622263
task_smaple.png,3468.482925415039,5473.9176025390625,7.202503681182861,2.4995503425598145,103.60782936902959
task_smaple.png,3397.574691772461,5668.629188537598,18.33707046508789,5.669431686401367,67.74006082956977
task_smaple.png,3516.7835998535156,6341.037536621094,5.000922203063965,3.8194618225097656,126.54835158340556
task_smaple.png,3581.590133666992,6732.380271911621,13.074602127075195,5.115451335906982,87.17570562229956
task_smaple.png,3837.5172119140625,1926.7976531982422,12.026996612548828,6.8282365798950195,107.60282750513755
task_smaple.png,3764.1527404785156,2043.3446502685547,9.393087387084961,4.691493034362793,86.29616850249867
task_smaple.png,3723.8374633789062,4148.148845672607,15.37130355834961,4.487641334533691,98.33251227300273
task_smaple.png,3653.5009384155273,4164.336044311523,11.056984901428223,3.771294116973877,59.366802152456906
task_smaple.png,3763.3329010009766,4962.106132507324,12.40090560913086,4.00728702545166,93.99981592395099
task_smaple.png,3746.768081665039,5740.790565490723,11.594005584716797,5.939191818237305,177.27204111483158
task_smaple.png,3685.1618423461914,5921.540004730225,8.728326797485352,3.8008174896240234,88.45622948789355
task_smaple.png,3768.491424560547,6597.81672668457,27.7659912109375,9.310562133789062,44.7563752347339
task_smaple.png,3708.973663330078,7656.056823730469,44.11725616455078,18.065351486206055,82.00969887374958
task_smaple.png,4068.1954803466797,566.8042640686035,6.064446449279785,2.7393593788146973,95.89233839955646
task_smaple.png,3960.020362854004,2203.3323669433594,15.503412246704102,4.447902679443359,9.970372056020699
task_smaple.png,3992.0878143310547,2185.5181274414062,15.467239379882812,4.310478210449219,114.32616519577464
task_smaple.png,3920.6580505371094,2140.75390625,13.669602394104004,4.185355186462402,136.7076978982876
task_smaple.png,3914.767807006836,2068.5802993774414,11.71027946472168,4.878740310668945,161.4117681261717
task_smaple.png,3895.176280975342,2212.029098510742,11.403022766113281,4.054920196533203,71.08084978659558
task_smaple.png,3924.13818359375,2190.462173461914,11.222047805786133,4.650772571563721,28.742101970857732
task_smaple.png,3907.895378112793,2213.3855590820312,10.80196762084961,5.26223611831665,27.182124330467254
task_smaple.png,3943.182601928711,2179.9994506835938,10.392073631286621,3.7395999431610107,97.0069706305892
task_smaple.png,3957.329765319824,2213.405014038086,10.208349227905273,3.6642606258392334,14.310293891440663
task_smaple.png,3890.485363006592,2178.6466674804688,9.801787376403809,3.5784871578216553,83.76993424551024
task_smaple.png,3956.6699752807617,2250.4639282226562,9.385050773620605,3.8700013160705566,37.90789823321844
task_smaple.png,3892.3352546691895,2113.5814514160156,8.60920524597168,2.7970921993255615,90.99027748129247
task_smaple.png,3960.5440673828125,2106.3152236938477,8.544133186340332,3.3072869777679443,103.64722590016223
task_smaple.png,3891.5526847839355,2104.8910598754883,8.446069717407227,3.0947208404541016,89.29251101968073
task_smaple.png,3930.900848388672,2171.849090576172,8.138338088989258,3.6993627548217773,7.556378297663092
task_smaple.png,3955.7526092529297,2197.1714935302734,6.727256774902344,6.093477249145508,96.80939374846822
task_smaple.png,3944.96533203125,2247.8216552734375,5.6794209480285645,3.2021324634552,19.657808648315495
task_smaple.png,3964.4436798095703,2252.089569091797,4.980915546417236,2.918004035949707,27.466941511309493
task_smaple.png,4026.784713745117,3733.653366088867,11.256696701049805,3.233421802520752,115.51259637536252
task_smaple.png,4025.3786010742188,3735.8392639160156,9.936666488647461,3.2683112621307373,120.37556812100654
task_smaple.png,4017.950729370117,3743.8763580322266,9.228201866149902,3.653564929962158,111.51395091823777
task_smaple.png,4043.3235931396484,3659.2046279907227,9.221582412719727,3.3252694606781006,127.02050890035021
task_smaple.png,4050.582733154297,3645.2976036071777,8.835260391235352,3.2964205741882324,114.80299436211156
task_smaple.png,4011.7440032958984,3778.2106170654297,8.251198768615723,3.4939231872558594,92.54964381975223
task_smaple.png,4029.223831176758,3719.274429321289,6.919785022735596,5.0345869064331055,91.68629424828427
task_smaple.png,4083.4808349609375,3604.9019985198975,6.684980869293213,2.4096715450286865,118.90230997741314
task_smaple.png,4015.817184448242,3759.4407501220703,6.1619672775268555,2.654184341430664,101.16026523090137
task_smaple.png,4091.8058471679688,3588.31001329422,6.121124267578125,2.9118404388427734,137.40668579756837
task_smaple.png,4036.554458618164,3692.739097595215,5.6981916427612305,3.1507205963134766,106.68523257128136
task_smaple.png,4036.5929412841797,3698.7264404296875,5.542266368865967,2.4838643074035645,99.28377320927792
task_smaple.png,4086.3560791015625,3957.9532165527344,47.838050842285156,30.43541145324707,37.30798222784871
task_smaple.png,3963.695732116699,3993.090789794922,8.416566848754883,3.5478665828704834,92.69902005690041
task_smaple.png,3906.240966796875,4118.198486328125,7.57359504699707,3.3741466999053955,113.35974806973118
task_smaple.png,3926.462013244629,4456.324851989746,18.87081527709961,5.58570671081543,63.17638797335571
task_smaple.png,3957.482894897461,5102.217742919922,42.4840202331543,17.18670082092285,99.83427279600261
task_smaple.png,3983.467819213867,4875.915756225586,13.443222045898438,4.862340450286865,89.23098467563726
task_smaple.png,4050.349853515625,4944.080017089844,11.140911102294922,4.075641632080078,170.00851742311653
task_smaple.png,3938.31974029541,6097.719635009766,20.862592697143555,7.259387493133545,63.90607757295568
task_smaple.png,3869.3662071228027,6122.986343383789,9.507678031921387,5.060524940490723,163.80219773189276
task_smaple.png,3963.748222351074,6228.115829467773,12.116174697875977,4.117516040802002,174.39009743605806
task_smaple.png,4118.273962020874,1196.6208801269531,29.521984100341797,8.223265647888184,72.95432969479505
task_smaple.png,4219.777572631836,1718.6290435791016,7.6297783851623535,5.740050792694092,96.53607006845183
task_smaple.png,4336.776168823242,1978.0541687011719,11.504891395568848,4.186403274536133,13.274027835850085
task_smaple.png,4222.911933898926,2139.9450073242188,19.887771606445312,6.504476547241211,39.81619161561747
task_smaple.png,4187.641746520996,3049.9091186523438,11.909618377685547,4.117467880249023,89.51874737555907
task_smaple.png,4314.074569702148,3122.817024230957,14.673602104187012,4.4846601486206055,20.910303125103045
task_smaple.png,4299.3548583984375,3270.136978149414,9.280998229980469,3.4060566425323486,134.9062628254534
task_smaple.png,4331.421493530273,3242.0120391845703,8.162101745605469,3.6047582626342773,12.211357976475528
task_smaple.png,4308.973876953125,3260.1512451171875,7.071642875671387,3.0037026405334473,137.326321791794
task_smaple.png,4320.800720214844,3531.946792602539,28.697864532470703,16.575340270996094,67.99789364054858
task_smaple.png,4109.795874595642,3555.066635131836,12.711309432983398,2.8717970848083496,128.87116231634351
task_smaple.png,4168.078826904297,3513.7144775390625,7.755939483642578,2.7797954082489014,110.11617319516218
task_smaple.png,4098.641084909439,3580.2759857177734,7.553042411804199,3.1198270320892334,110.36578928856946
task_smaple.png,4100.341538906097,3573.1805267333984,5.6906538009643555,2.811657428741455,105.5553280372645
task_smaple.png,4221.714767456055,4617.456232070923,96.13311767578125,22.037107467651367,177.388564142072
task_smaple.png,4115.405857086182,6849.67854309082,8.719486236572266,4.082954406738281,38.88632283182277
task_smaple.png,4381.384548187256,2002.1107025146484,14.059730529785156,5.568655967712402,92.36929267471804
task_smaple.png,4425.345153808594,2278.2591705322266,14.191141128540039,5.280912399291992,71.00621630953485
task_smaple.png,4420.638740539551,2279.708770751953,13.663457870483398,5.248752593994141,64.80873488309706
task_smaple.png,4419.724838256836,2260.850799560547,12.440879821777344,4.244898319244385,70.12579126514187
task_smaple.png,4406.803188323975,2261.0614013671875,10.91142749786377,3.4367804527282715,74.53404316679229
task_smaple.png,4508.587799072266,2293.205352783203,8.318702697753906,2.657562732696533,38.202822386485
task_smaple.png,4450.723007202148,3002.6971282958984,40.13526916503906,8.208606719970703,69.73767259574505
task_smaple.png,4387.900749206543,2982.9019165039062,30.742719650268555,5.720198631286621,3.9800229463527153
task_smaple.png,4450.208473205566,3018.431686401367,28.60543441772461,6.556991100311279,69.94666272396911
task_smaple.png,4465.691314697266,2902.3081817626953,25.136545181274414,8.750003814697266,78.48838118677116
task_smaple.png,4418.821197509766,3034.7523498535156,11.222379684448242,4.784533977508545,15.583978176354533
task_smaple.png,4438.468284606934,3045.2223358154297,7.492269992828369,3.49237322807312,13.053447730378169
task_smaple.png,4372.014694213867,3084.739170074463,7.50450325012207,3.137269973754883,23.321438449293
task_smaple.png,4433.59228515625,6339.266021728516,22.3829345703125,9.810163497924805,51.97079328141113
task_smaple.png,4444.5079345703125,6173.260837554932,16.104358673095703,8.57289981842041,72.66846578746251
task_smaple.png,4503.729446411133,6939.763816833496,58.27910232543945,27.20966339111328,70.54062963457176
task_smaple.png,4595.155349731445,6956.036994934082,16.772762298583984,5.049474716186523,63.007463734802954
task_smaple.png,4578.933197021484,6931.333106994629,7.98211145401001,4.38507080078125,38.461430423934615
task_smaple.png,4548.343124389648,8066.722961425781,21.609943389892578,10.923620223999023,43.59240513223159
task_smaple.png,4542.700622558594,8069.412841796875,14.521596908569336,5.602328300476074,34.33026563653327
task_smaple.png,4492.132431030273,7997.263889312744,14.3533935546875,6.259161472320557,65.32775412793715
task_smaple.png,4860.087860107422,858.471923828125,15.658748626708984,4.499506950378418,65.68053339856831
task_smaple.png,4718.7574462890625,2006.7444305419922,44.353973388671875,8.111122131347656,69.07892134086484
task_smaple.png,4698.403045654297,1956.8670806884766,28.887205123901367,7.5462846755981445,83.12168099138434
task_smaple.png,4706.210494995117,1953.1656951904297,24.43303871154785,6.397066116333008,79.7340710875981
task_smaple.png,4732.864059448242,2033.8486022949219,19.939022064208984,5.824909210205078,94.28765375595367
task_smaple.png,4792.392852783203,2063.6703176498413,22.12517738342285,6.546984672546387,57.852719968194336
task_smaple.png,4808.42121887207,2309.0438776016235,16.12677574157715,14.222711563110352,16.928343820120634
task_smaple.png,4797.300521850586,2728.2715759277344,16.96556854248047,3.6348414421081543,13.867176831299624
task_smaple.png,4732.4364013671875,2657.1660232543945,12.096380233764648,5.033358573913574,98.08176919838239
task_smaple.png,4647.669761657715,3133.8894653320312,25.918704986572266,10.798985481262207,44.20512432720051
task_smaple.png,4645.245174407959,3138.6111907958984,22.257984161376953,7.16815185546875,32.4571716340219
task_smaple.png,4714.526885986328,4010.260711669922,15.661094665527344,5.170531749725342,11.47038148927211
task_smaple.png,4740.879669189453,3929.3201065063477,12.01071834564209,3.7753124237060547,178.65941645980126
task_smaple.png,4689.332069396973,4101.3970737457275,17.35878562927246,8.979265213012695,1.402022899088174
task_smaple.png,4850.346389770508,4906.164909362793,9.281279563903809,4.324749946594238,20.124185917675014
task_smaple.png,4859.19482421875,4904.07572555542,7.912730693817139,4.499423027038574,0.8899999023922837
task_smaple.png,4859.928085327148,4908.026439666748,6.056456565856934,3.5163493156433105,1.0856079824849865
task_smaple.png,4858.666152954102,6892.712371826172,20.590763092041016,10.510883331298828,37.552059037839115
task_smaple.png,4829.679122924805,6919.793165206909,11.727339744567871,4.832699775695801,70.60620628079305
task_smaple.png,4858.822906494141,7864.1893310546875,19.045427322387695,9.092548370361328,34.055193428089346
task_smaple.png,4780.857635498047,7734.878234863281,16.64746856689453,6.8152756690979,66.8625249551957
task_smaple.png,4784.608062744141,7728.998504638672,10.709567070007324,4.677125930786133,73.05739724937055
task_smaple.png,4935.034385681152,738.0218811035156,27.738039016723633,6.498948097229004,105.56627683050402
task_smaple.png,4897.209125518799,1019.1868133544922,15.879993438720703,6.882559776306152,39.755788837692464
task_smaple.png,4906.378356933594,1016.248046875,13.802167892456055,3.607351779937744,30.124422975841593
task_smaple.png,5076.372222900391,796.7098731994629,12.096113204956055,4.886674880981445,50.557292462866165
task_smaple.png,5075.66764831543,1033.4146690368652,41.896080017089844,20.158954620361328,178.8363320196829
task_smaple.png,4986.997512817383,1258.7772521972656,21.102462768554688,5.902883529663086,67.82362819406488
task_smaple.png,4993.2950439453125,1289.7394466400146,27.178985595703125,24.931419372558594,99.06910719385358
task_smaple.png,5076.397537231445,1380.1047744750977,21.716419219970703,9.409501075744629,64.90297100307572
task_smaple.png,4873.673935890198,1679.0082702636719,32.980037689208984,9.993911743164062,55.56851687953989
task_smaple.png,4886.151264190674,1678.4417877197266,30.496414184570312,7.60983943939209,56.29281062969555
task_smaple.png,4897.964107513428,1681.699478149414,17.388046264648438,5.777230739593506,59.94707453377368
task_smaple.png,4879.446659088135,1808.3096256256104,16.76646614074707,5.227141380310059,33.14466774002412
task_smaple.png,5016.352157592773,2157.558921813965,12.638123512268066,4.525158882141113,89.38327740356104
task_smaple.png,4888.680141448975,2067.8902130126953,9.079421043395996,3.8135931491851807,27.02190516801168
task_smaple.png,4908.511745452881,2236.097213745117,8.908184051513672,4.466789245605469,30.097652049389726
task_smaple.png,4887.718618392944,2069.0218830108643,8.82984733581543,3.9637560844421387,24.67121701797634
task_smaple.png,4924.9337730407715,2253.4144744873047,7.695168495178223,3.6338274478912354,46.56109904365344
task_smaple.png,4945.031341552734,2236.1265258789062,7.611645698547363,3.5166471004486084,12.306796209748116
task_smaple.png,5068.971908569336,2174.7548828125,7.43084716796875,4.8650312423706055,88.08694165003847
task_smaple.png,4931.478042602539,2227.9491424560547,7.330608367919922,3.9536290168762207,50.597395918577895
task_smaple.png,5069.071426391602,2196.2283477783203,5.8328680992126465,3.1646270751953125,15.30403604303239
task_smaple.png,4996.820083618164,2437.9803924560547,27.37152671813965,8.049332618713379,71.68628458481467
task_smaple.png,4995.940856933594,2440.891067504883,26.609907150268555,7.053152084350586,74.20881004908378
task_smaple.png,5003.359970092773,2431.937675476074,25.575082778930664,7.7284464836120605,67.10941580312415
task_smaple.png,5045.681488037109,2372.8230514526367,13.145137786865234,3.157104969024658,58.76236456185663
task_smaple.png,5116.310958862305,2467.150344848633,12.398347854614258,6.964492321014404,86.38347198046978
task_smaple.png,5010.452239990234,2433.690475463867,11.608120918273926,3.8128697872161865,52.5634112296527
task_smaple.png,5066.678939819336,2535.87548828125,6.105696678161621,2.994389057159424,176.13430918402588
task_smaple.png,4981.319519042969,2453.365005493164,4.6378865242004395,3.2557778358459473,65.93189802040312
task_smaple.png,4921.333885192871,2570.400812149048,26.735939025878906,21.248857498168945,109.54307251247391
task_smaple.png,4969.4182052612305,2602.1657638549805,19.22560691833496,4.406488418579102,41.73364428169349
task_smaple.png,4926.592121124268,2572.920307159424,19.0965633392334,7.5272369384765625,113.99566600221605
task_smaple.png,4894.208442687988,2772.43798828125,12.780998229980469,3.1840925216674805,23.078483497873773
task_smaple.png,4932.906295776367,2577.924852371216,10.504979133605957,2.959120273590088,113.5243078174043
task_smaple.png,5013.677307128906,2759.4671478271484,6.519327163696289,2.9488210678100586,43.140629099770265
task_smaple.png,4872.370475769043,2896.0479049682617,22.598901748657227,17.837461471557617,87.65379154344377
task_smaple.png,5071.432159423828,2818.7846574783325,7.630800247192383,4.054239749908447,173.5628249237861
task_smaple.png,4906.143535614014,3414.273635864258,18.25905990600586,6.007382392883301,101.03159812731667
task_smaple.png,4974.84708404541,3500.360092163086,13.255123138427734,4.418102741241455,67.7780025304092
task_smaple.png,4969.177520751953,3529.209915161133,7.868408203125,3.2998619079589844,36.70391346746361
task_smaple.png,4975.521270751953,3536.4774322509766,4.583765029907227,4.548834323883057,171.8332844221555
task_smaple.png,4872.787200927734,5450.015716552734,18.451404571533203,8.544569969177246,29.4387880963882
task_smaple.png,4871.22741985321,5462.234703063965,12.291175842285156,4.299258708953857,17.77542900362749
task_smaple.png,4953.396369934082,5386.257031440735,11.52388858795166,6.586023330688477,89.11056844056993
task_smaple.png,4919.3424072265625,6888.176605224609,22.029111862182617,5.985584259033203,27.250504769342836
task_smaple.png,4905.964195251465,6894.390899658203,20.24886703491211,5.94100284576416,69.43683691375185
task_smaple.png,4867.765074729919,6896.545974731445,19.96356964111328,6.990766525268555,86.91607647156903
task_smaple.png,4913.724006652832,6891.40576171875,19.89139747619629,7.5209197998046875,52.4821217332458
task_smaple.png,4910.298992156982,6893.050857543945,18.799968719482422,6.750481605529785,62.651740652639525
task_smaple.png,4923.402732849121,6883.257095336914,15.39434814453125,4.629795074462891,20.68668273167683
task_smaple.png,4868.5761914253235,6878.310577392578,11.66098403930664,5.789141654968262,62.77339315194662
task_smaple.png,4874.145976066589,6991.6743240356445,22.0523738861084,8.874799728393555,64.71369280079634
task_smaple.png,4901.081733703613,6919.490121841431,19.964420318603516,16.332868576049805,66.12377852475629
task_smaple.png,5053.998001098633,7071.365539550781,9.991049766540527,3.4565207958221436,57.67454765350538
task_smaple.png,4957.022789001465,7660.265426635742,14.092967987060547,5.449561595916748,95.97658878296858
task_smaple.png,5020.765350341797,7786.9169845581055,16.2347469329834,4.544791221618652,36.557259060699685
task_smaple.png,4983.091690063477,7814.693161010742,10.205601692199707,5.724535942077637,6.597617386792408
task_smaple.png,4881.905178070068,7964.765323638916,62.345062255859375,44.714141845703125,35.27395189301891
task_smaple.png,5331.426376342773,755.9178161621094,24.01645278930664,9.182356834411621,78.6252171966032
task_smaple.png,5338.601165771484,757.0746459960938,23.082075119018555,8.745458602905273,72.63887057778885
task_smaple.png,5337.755722045898,734.8963623046875,17.072818756103516,7.08527946472168,71.02833246206735
task_smaple.png,5332.282318115234,738.7749481201172,12.168754577636719,6.64498233795166,73.92944165165193
task_smaple.png,5322.141387939453,1328.2569313049316,15.773727416992188,6.327159404754639,38.613040132941386
task_smaple.png,5166.663665771484,1477.4033660888672,15.175911903381348,5.030878067016602,38.63193243618564
task_smaple.png,5322.334091186523,1324.840576171875,14.280553817749023,5.531556606292725,40.47628841776418
task_smaple.png,5321.836563110352,1354.1525192260742,13.196676254272461,5.122772693634033,44.72414015694602
task_smaple.png,5317.403884887695,1335.9052124023438,12.081327438354492,6.32918643951416,37.63630600615664
task_smaple.png,5316.427474975586,1365.5403060913086,11.08441162109375,4.795760154724121,40.46060971852442
task_smaple.png,5267.393478393555,1388.0570755004883,9.893667221069336,4.122830867767334,143.15019187063209
task_smaple.png,5273.887237548828,1389.0242309570312,7.048353672027588,3.726153612136841,131.26903682825989
task_smaple.png,5225.828559875488,1542.6101574897766,38.32115173339844,26.14997673034668,151.94284465335124
task_smaple.png,5217.228324890137,1543.26526927948,37.405704498291016,34.90607452392578,133.554131256601
task_smaple.png,5207.810302734375,1545.4720554351807,31.717941284179688,26.048343658447266,5.113036070215586
task_smaple.png,5314.157562255859,1567.2444343566895,17.81061363220215,5.052054405212402,73.2727189629552
task_smaple.png,5371.515487670898,1632.873924255371,17.541894912719727,8.363872528076172,74.4760958418739
task_smaple.png,5368.313323974609,1629.2561111450195,16.505168914794922,6.395832061767578,75.63836864236745
task_smaple.png,5340.196136474609,1562.3719673156738,8.691801071166992,3.3500583171844482,54.34242620653632
task_smaple.png,5323.087127685547,1808.1154289245605,16.129348754882812,5.760809898376465,62.83638798666165
task_smaple.png,5337.305999755859,1973.6675109863281,8.080175399780273,2.8403077125549316,133.00293499058097
task_smaple.png,5141.777275085449,2299.4109649658203,13.80836009979248,6.574482440948486,32.75865618398626
task_smaple.png,5315.396194458008,2157.6784439086914,5.540041923522949,2.6921210289001465,101.11338964262757
task_smaple.png,5347.998184204102,2085.328498840332,5.31699800491333,2.740946054458618,49.222506159411004
task_smaple.png,5150.991605758667,2341.227970123291,8.286867141723633,4.767062664031982,28.261702323132177
task_smaple.png,5218.561180114746,2324.299457550049,7.650769233703613,4.141574382781982,56.273552911330704
task_smaple.png,5238.111351013184,2576.864860534668,32.82667541503906,17.500694274902344,54.344891904826696
task_smaple.png,5193.260635375977,2808.7752990722656,17.940410614013672,4.193241119384766,36.289023871614944
task_smaple.png,5191.296257019043,2580.535665512085,11.859713554382324,3.9125022888183594,67.13896320147363
task_smaple.png,5123.779760360718,2804.3357849121094,8.911323547363281,4.589625358581543,60.865352486546875
task_smaple.png,5186.266815185547,2889.5218811035156,10.678977966308594,5.867031097412109,52.84876628789208
task_smaple.png,5133.8598346710205,2821.5730471611023,9.170326232910156,3.1664013862609863,44.11482239618377
task_smaple.png,5231.996726989746,2896.8185653686523,5.205840110778809,3.0933899879455566,95.95939719682765
task_smaple.png,5146.3983726501465,3107.3121223449707,8.263700485229492,3.344926357269287,44.0525652218991
task_smaple.png,5136.090866088867,3310.3032836914062,6.901363372802734,2.959585666656494,99.9801178253499
task_smaple.png,5157.502426147461,3316.894760131836,5.991724967956543,2.55637788772583,54.06769209245631
task_smaple.png,5346.968673706055,3331.5240154266357,61.87010192871094,12.24596881866455,178.8612348893968
task_smaple.png,5163.598720550537,3341.173420906067,15.89474105834961,4.978184700012207,82.19568492484903
task_smaple.png,5144.328308105469,4012.899887084961,33.93265151977539,9.478837966918945,55.768030120290554
task_smaple.png,5235.370750427246,4141.193389892578,9.9948091506958,4.435496807098389,89.59924798511683
task_smaple.png,5233.138481140137,4851.792465209961,8.533831596374512,4.6644110679626465,151.72183339218796
task_smaple.png,5193.871955871582,5157.791564941406,15.160421371459961,4.616603851318359,148.59724041296056
task_smaple.png,5155.668525695801,6664.340147018433,19.887434005737305,9.43417739868164,78.76955275414392
task_smaple.png,5273.732574462891,6875.821060180664,11.812841415405273,3.918614387512207,31.630045970817108
task_smaple.png,5246.110458374023,7033.674057006836,31.3076171875,15.744741439819336,46.18020671439851
task_smaple.png,5268.8685302734375,7132.920547485352,11.778018951416016,4.960672378540039,114.68409442903997
task_smaple.png,5270.751968383789,7162.059417724609,11.68649673461914,6.543312072753906,61.52432913766971
task_smaple.png,5324.274841308594,7390.520614624023,9.383699417114258,4.378827095031738,88.42373144782262
task_smaple.png,5265.678527832031,7570.447311401367,18.181541442871094,5.469789505004883,56.421877299346704
task_smaple.png,5158.340270996094,7573.403854370117,16.70749282836914,5.495398044586182,41.75834224573226
task_smaple.png,5271.554336547852,7560.795333862305,10.766273498535156,3.311281681060791,32.381639987085315
task_smaple.png,5126.384055614471,7933.259796142578,10.09083366394043,6.271964073181152,9.230495229273652
task_smaple.png,5345.5267333984375,8026.022270202637,21.203392028808594,7.740043640136719,34.6169969778904
task_smaple.png,5341.566131591797,8030.357681274414,19.892230987548828,6.002390384674072,34.27387559474565
task_smaple.png,5131.126183509827,7941.846231460571,17.631153106689453,6.7429304122924805,19.925219092057958
task_smaple.png,5338.554244995117,8035.814720153809,15.552778244018555,4.9172821044921875,36.72396348777218
task_smaple.png,5235.625686645508,7938.20076417923,11.242088317871094,6.161938667297363,20.426251033718827
task_smaple.png,5236.081253051758,7963.6542320251465,8.01705265045166,3.1549324989318848,50.79823080093295
task_smaple.png,5303.244522094727,10826.995086669922,9.000896453857422,3.5218448638916016,151.4588164676291
task_smaple.png,5382.820706367493,1250.9823303222656,38.060970306396484,13.432559967041016,86.62683162059733
task_smaple.png,5473.78727722168,1435.3818969726562,27.069454193115234,8.072417259216309,68.91436159319173
task_smaple.png,5583.629318237305,1386.2569122314453,23.670454025268555,7.953734874725342,36.65274169020188
task_smaple.png,5578.0682373046875,1396.3049850463867,19.926834106445312,8.538952827453613,42.95060982196593
task_smaple.png,5583.098434448242,1390.5423278808594,19.742328643798828,6.1237053871154785,39.45062281576546
task_smaple.png,5464.386520385742,1434.0124816894531,15.637845039367676,5.773401737213135,69.136055873272
task_smaple.png,5570.740921020508,1435.000244140625,11.861679077148438,6.367522716522217,33.85942313100386
task_smaple.png,5460.651031494141,1438.3906860351562,10.393255233764648,5.2109785079956055,58.58143285074299
task_smaple.png,5480.522506713867,1429.9530181884766,10.157135009765625,5.026126861572266,72.03264347762602
task_smaple.png,5395.6079387664795,1542.5026865005493,13.382966995239258,5.071682929992676,16.57095075670513
task_smaple.png,5409.93586730957,1570.1671867370605,10.751265525817871,4.273129463195801,69.32049147142985
task_smaple.png,5451.184036254883,1556.4484539031982,7.181220054626465,3.8621084690093994,55.15518798191657
task_smaple.png,5584.566467285156,1553.0251808166504,7.075841903686523,2.909884214401245,58.61599360794326
task_smaple.png,5628.940505981445,2044.7162780761719,6.9571003913879395,4.480167388916016,93.2472178698748
task_smaple.png,5537.963104248047,3384.497344970703,26.08429527282715,9.069722175598145,77.22080052965435
task_smaple.png,5495.151123046875,3333.9104585647583,10.061535835266113,4.223991394042969,9.04521866407424
task_smaple.png,5502.940574645996,3684.685401916504,7.289188861846924,3.2349445819854736,171.59910455627244
task_smaple.png,5499.004814147949,3671.758544921875,6.515796184539795,2.787548542022705,176.35258836952116
task_smaple.png,5535.691680908203,5876.416488647461,25.458072662353516,17.517929077148438,62.33510674309607
task_smaple.png,5455.673980712891,5854.198760986328,14.612178802490234,4.776348114013672,148.8474165818798
task_smaple.png,5539.997055053711,5894.4638414382935,16.07591438293457,14.787866592407227,6.047405094899685
task_smaple.png,5453.140838623047,7427.965441226959,15.01831340789795,10.103801727294922,11.112199539007472
task_smaple.png,5512.564498901367,7513.830291748047,13.226344108581543,5.1000471115112305,149.40055262162412
task_smaple.png,5424.495643615723,10312.038360595703,13.89853286743164,4.452882766723633,36.43551435383879
task_smaple.png,5421.847053527832,10317.906219482422,9.306655883789062,3.556483268737793,37.14933742399682
task_smaple.png,5414.23127746582,10311.17992401123,7.213659286499023,3.7357659339904785,35.93568452547184
task_smaple.png,5869.118316650391,11.563026428222656,25.45000457763672,25.224822998046875,177.4960030177163
task_smaple.png,5835.393646240234,17.715667724609375,17.248645782470703,6.02955961227417,81.75289742133545
task_smaple.png,5769.21061706543,883.2803573608398,61.78653335571289,23.068737030029297,64.76993257842221
task_smaple.png,5853.693023681641,961.9291076660156,15.349449157714844,5.566900253295898,32.49602516511551
task_smaple.png,5858.779647827148,953.9979095458984,12.827959060668945,5.070673942565918,36.69900939163954
task_smaple.png,5866.583038330078,952.0807342529297,12.034231185913086,4.650142192840576,38.004299523164
task_smaple.png,5637.394193649292,924.7733612060547,11.022865295410156,4.97366189956665,48.04059656505366
task_smaple.png,5863.694610595703,921.0042572021484,10.12873363494873,4.724754333496094,24.379515006450724
task_smaple.png,5882.919845581055,860.2086410522461,4.353173732757568,2.9123287200927734,24.736474352853932
task_smaple.png,5707.767921447754,1251.8096923828125,22.565105438232422,4.721683502197266,94.64337000792794
task_smaple.png,5755.518394470215,1140.836280822754,8.270002365112305,2.683927297592163,117.71761366587442
task_smaple.png,5746.794380187988,1150.5851440429688,6.569458484649658,2.7112417221069336,127.05541116700897
task_smaple.png,5751.642066955566,1145.047004699707,5.808287620544434,2.788433074951172,125.22318560139637
task_smaple.png,5739.992866516113,1155.5198516845703,5.611819267272949,2.60849666595459,134.93132961970736
task_smaple.png,5709.430549621582,1228.756576538086,4.787514686584473,2.7603487968444824,178.2800814136771
task_smaple.png,5660.342906951904,1524.9234924316406,3.3165841102600098,3.1786975860595703,7.762253859625616
task_smaple.png,5881.121551513672,2300.0029296875,10.16457748413086,3.689741611480713,11.308896180499145
task_smaple.png,5667.63521194458,2251.189178466797,6.272710800170898,2.797179937362671,3.710348294900394
task_smaple.png,5670.775913238525,2248.627639770508,5.176717758178711,2.894254446029663,5.682453146507094
task_smaple.png,5797.962188720703,3138.8039016723633,17.329853057861328,6.519101619720459,69.33336637801533
task_smaple.png,5796.543548583984,3147.6778564453125,9.00023078918457,4.310808181762695,47.56321756848855
task_smaple.png,5650.151973724365,3832.094970703125,26.68743324279785,17.988880157470703,0.3524369073990117
task_smaple.png,5719.506370544434,4775.1439208984375,14.826210021972656,5.273474216461182,179.45436851692068
task_smaple.png,5702.869728088379,5043.409240722656,19.16278076171875,5.4113993644714355,10.789550794126178
task_smaple.png,5875.281341552734,6638.871353149414,10.2559814453125,3.66843581199646,74.02632105483939
task_smaple.png,5697.00456237793,6628.354598999023,8.616642951965332,3.092216968536377,0.1511853968447992
task_smaple.png,5731.392601013184,6650.973739624023,6.994561195373535,2.905264139175415,72.19124047015372
task_smaple.png,5884.3419189453125,6896.769561767578,15.69442367553711,5.605926990509033,71.40477150798343
task_smaple.png,5845.480361938477,7323.756927490234,102.41322326660156,37.634063720703125,39.89316784756352
task_smaple.png,5640.897970199585,7366.186172485352,53.780582427978516,25.262954711914062,88.63633474611761
task_smaple.png,5643.841584205627,7642.106185913086,19.804149627685547,6.835613250732422,69.54739718584685
task_smaple.png,5718.491775512695,7652.722412109375,7.511107444763184,4.197265625,12.887660256201741
task_smaple.png,5787.277679443359,7742.788730621338,22.880146026611328,6.95515251159668,97.96105926518077
task_smaple.png,6062.073944091797,1226.5161743164062,13.619064331054688,3.122560977935791,137.50135221946474
task_smaple.png,6116.960006713867,1163.9399108886719,6.368738651275635,2.134265184402466,39.05508997602461
task_smaple.png,6101.657073974609,1196.0050964355469,5.124547004699707,2.3697056770324707,25.014705523788987
task_smaple.png,5973.906105041504,1841.5752563476562,32.21412658691406,11.777519226074219,109.69485980639911
task_smaple.png,5896.60206413269,2339.3163681030273,16.9195556640625,6.218480587005615,74.05707739667196
task_smaple.png,5891.731048822403,2466.613784790039,14.552509307861328,9.365011215209961,85.39146896579547
task_smaple.png,6112.44287109375,2482.0960845947266,10.382526397705078,4.209927558898926,21.566993370401214
task_smaple.png,5997.662788391113,2319.082594871521,6.362466812133789,2.6277856826782227,11.81230929685941
task_smaple.png,6004.985710144043,2323.5564880371094,5.227312088012695,2.4196126461029053,7.361151000616617
task_smaple.png,5945.324234008789,4583.777252197266,14.625234603881836,4.430383682250977,105.94417070671332
task_smaple.png,6086.10466003418,4413.2886962890625,8.48415756225586,5.095239639282227,53.36902862716112
task_smaple.png,5964.758567810059,4638.161849975586,17.70017433166504,7.436436653137207,80.26540516351173
task_smaple.png,5936.376754760742,4740.430801391602,17.198280334472656,7.292177200317383,179.9393119479916
task_smaple.png,5976.026008605957,4870.589713096619,13.102828979492188,11.515375137329102,179.96237066662957
task_smaple.png,6081.302642822266,5788.717559814453,35.72625732421875,12.32148551940918,58.17596550085435
task_smaple.png,5893.707311153412,6435.755180358887,47.558876037597656,16.131637573242188,78.72366071311059
task_smaple.png,6104.152770996094,6854.756439208984,4.833794593811035,2.46866512298584,139.48238028633523
task_smaple.png,5909.487899780273,8232.127838134766,9.029594421386719,3.2244203090667725,10.780747534059678
task_smaple.png,5947.407085418701,8195.384869098663,6.945364952087402,3.077984094619751,99.36954672487494
task_smaple.png,5955.633010864258,8194.649885892868,6.660251617431641,3.9703736305236816,95.54321328013127
task_smaple.png,5975.715133666992,9748.1162109375,22.761320114135742,7.110157012939453,86.16530207800123
task_smaple.png,6314.416275024414,905.1056671142578,6.858283042907715,3.4950175285339355,178.7266391816125
task_smaple.png,6325.566619873047,903.657470703125,6.612480640411377,2.915968179702759,16.290863481863123
task_smaple.png,6331.787185668945,1020.6556396484375,5.635814666748047,2.677680253982544,91.19247840148152
task_smaple.png,6393.498672485352,1155.6136779785156,17.03127098083496,5.1540446281433105,56.41829486512703
task_smaple.png,6354.018829345703,1028.557056903839,6.985494136810303,2.805598258972168,7.391009172573328
task_smaple.png,6363.323089599609,1026.9261546134949,4.949942111968994,2.5042357444763184,18.028897323726664
task_smaple.png,6307.593704223633,1725.7688598632812,11.128955841064453,5.6424384117126465,16.933413528032073
task_smaple.png,6388.002090454102,1842.9935302734375,19.589693069458008,4.377054691314697,75.02851471175536
task_smaple.png,6153.426628112793,2105.3001022338867,25.77756118774414,9.150435447692871,55.25339927199219
task_smaple.png,6291.388031005859,2212.8470458984375,5.688514232635498,3.4635558128356934,94.29154013359141
task_smaple.png,6388.246963500977,3630.172782897949,20.947656631469727,4.7284135818481445,45.63279778827326
task_smaple.png,6185.837306976318,3609.3482704162598,5.969057083129883,3.1397485733032227,30.47303241598446
task_smaple.png,6157.784544944763,4029.771484375,11.088431358337402,4.744417667388916,67.01693504176218
task_smaple.png,6199.926216125488,3923.306915283203,10.49402141571045,4.071778774261475,16.51660977166851
task_smaple.png,6265.346061706543,4291.662017822266,22.323562622070312,7.702227592468262,72.89143731291757
task_smaple.png,6249.53352355957,4296.543182373047,14.331575393676758,6.353724479675293,74.02591124348919
task_smaple.png,6188.6767578125,4369.364627838135,29.395687103271484,8.212289810180664,17.982667188329433
task_smaple.png,6225.963851928711,4454.778289794922,14.765549659729004,5.777158737182617,78.48730884707147
task_smaple.png,6233.974098205566,5637.094835281372,13.097712516784668,8.264396667480469,125.12386099048605
task_smaple.png,6169.871534347534,5944.579147338867,10.249314308166504,3.983804225921631,51.97447475337377
task_smaple.png,6397.286865234375,8416.52864074707,13.627700805664062,7.736015319824219,94.14252589646924
task_smaple.png,6262.128532409668,9979.496963500977,11.701208114624023,9.212096214294434,95.93755425186195
task_smaple.png,6203.420391082764,9933.88931274414,9.649213790893555,4.80930233001709,63.87692632557807
task_smaple.png,6546.220626831055,458.2106018066406,8.746225357055664,3.6483564376831055,53.521669694732566
task_smaple.png,6508.776557922363,463.9167175292969,7.555572509765625,2.7948966026306152,2.4024492445564043
task_smaple.png,6503.318016052246,471.81085205078125,6.17165470123291,3.3735344409942627,107.94103115207992
task_smaple.png,6454.690704345703,540.7949466705322,9.517045974731445,3.379666328430176,12.34939524582784
task_smaple.png,6630.276428222656,2165.4921264648438,9.268324851989746,2.963712215423584,33.508054294436306
task_smaple.png,6433.565559387207,2453.146713256836,8.18720817565918,3.1752734184265137,146.35915134648747
task_smaple.png,6489.670486450195,2874.2639236450195,8.413288116455078,3.661031484603882,76.7763874411183
task_smaple.png,6426.278888702393,3283.8419036865234,20.34784698486328,5.610784530639648,52.82863089021888
task_smaple.png,6422.287172317505,3285.897415161133,15.025928497314453,5.165639877319336,41.291464665016036
task_smaple.png,6414.280669212341,3280.572525024414,6.482504367828369,5.188279151916504,20.608763933625323
task_smaple.png,6402.827975511551,3456.4673461914062,28.002748489379883,9.046725273132324,82.17945639538108
task_smaple.png,6403.522095918655,3353.4658908843994,14.88007926940918,6.832756519317627,89.05582447437229
task_smaple.png,6401.979756593704,3425.7786026000977,9.089983940124512,5.938826560974121,51.78370415476073
task_smaple.png,6599.443222045898,3879.9382362365723,5.5929856300354,2.790588140487671,78.97291480649187
task_smaple.png,6579.621994018555,6665.130605697632,91.0052490234375,19.519071578979492,177.9429569366236
task_smaple.png,6602.246139526367,9224.858470916748,49.587554931640625,16.77088165283203,177.72389910956295
task_smaple.png,6649.990692138672,9255.92593383789,30.12306022644043,13.380443572998047,85.44519523380679
task_smaple.png,6795.87760925293,3089.8661670684814,5.905196189880371,2.8939759731292725,84.54003807442919
task_smaple.png,6784.885116577148,3611.073205947876,34.61118698120117,25.16122817993164,72.99531082981512
task_smaple.png,6673.796539306641,5809.775360107422,9.467616081237793,4.243721961975098,57.73054837451031
task_smaple.png,6677.200489044189,6226.568458557129,9.438276290893555,3.0546369552612305,127.44840659147317
task_smaple.png,6749.478538513184,6246.022796630859,8.787601470947266,3.085031270980835,40.320201519756466
task_smaple.png,6682.431831359863,6228.824104309082,8.600739479064941,3.692075490951538,128.80769619857574
task_smaple.png,6743.044769287109,6253.362564086914,7.655892848968506,3.3794467449188232,30.24876315458709
task_smaple.png,6665.579217910767,6229.881538391113,7.6182684898376465,3.2401340007781982,127.98103840332911
task_smaple.png,6672.796630859375,6223.256797790527,6.653615951538086,4.035126209259033,126.73489771001695
task_smaple.png,6741.387626647949,6262.078315734863,6.369697570800781,3.7761101722717285,34.989395966912426
task_smaple.png,6725.402359008789,6457.29736328125,9.343440055847168,3.0101633071899414,115.7481832602146
task_smaple.png,6909.650588989258,8747.344863891602,6.992369651794434,5.4555253982543945,93.72442952680525
task_smaple.png,6788.186508178711,9414.699844360352,25.702163696289062,6.624735355377197,71.80345648002624
task_smaple.png,6679.283647537231,9345.766815185547,11.694131851196289,4.249508380889893,13.364557724430373
task_smaple.png,6678.414461135864,9349.629409790039,11.604520797729492,4.636509418487549,15.78804032309242
task_smaple.png,6812.410675048828,9429.39501953125,5.6007466316223145,2.9842584133148193,29.117595035573768
task_smaple.png,6871.235580444336,9476.331362724304,15.573694229125977,3.896709442138672,163.6573704007318
task_smaple.png,6999.643653869629,1065.322410583496,8.021980285644531,3.886641025543213,137.13873747642876
task_smaple.png,7054.146713256836,1099.5533752441406,6.431155204772949,2.8433046340942383,11.407998810261445
task_smaple.png,7045.584548950195,3172.515426635742,5.966075420379639,2.3178300857543945,2.4748046400855226
task_smaple.png,6920.85756111145,3851.632622718811,25.011240005493164,15.908042907714844,77.8438981970671
task_smaple.png,7155.604629516602,3987.0813903808594,8.539319038391113,4.059341907501221,59.23597670909449
task_smaple.png,7164.596908569336,5285.734298706055,22.278289794921875,14.628113746643066,101.75609678314743
task_smaple.png,7165.082458496094,5836.866943359375,7.235280513763428,3.3358776569366455,11.55584764635648
task_smaple.png,6996.290023803711,8724.610061645508,15.683013916015625,5.541497230529785,61.01620404455578
task_smaple.png,7001.868316650391,8723.154832839966,12.094067573547363,5.1134033203125,65.69120898424104
task_smaple.png,7420.261245727539,4795.89225769043,6.784438133239746,2.83512020111084,19.353130984914152
task_smaple.png,7671.12663269043,249.104248046875,9.00185489654541,3.690220355987549,56.33927640661915
task_smaple.png,7609.157165527344,1784.8028106689453,5.342151641845703,2.445762872695923,19.82375150929554
task_smaple.png,7674.940734863281,2100.7232246398926,6.813152313232422,4.804862022399902,48.4085730065881
task_smaple.png,7595.584991455078,3076.486137866974,6.130407333374023,3.0039288997650146,58.05085692582723
task_smaple.png,7429.996612548828,3986.3978729248047,22.64617156982422,7.611965179443359,111.08520628365773
task_smaple.png,7583.000595092773,4603.000518798828,10.627520561218262,4.505184650421143,127.78042208702749
task_smaple.png,7432.951861381531,5891.401952981949,21.15419578552246,7.1894121170043945,172.95984216347904
task_smaple.png,7454.196262359619,5952.0289306640625,14.919182777404785,5.635725021362305,36.334021157866985
task_smaple.png,7531.962547302246,6130.987518310547,5.470254898071289,3.3164172172546387,131.86994321105925
task_smaple.png,7460.021484375,6205.508857727051,11.357858657836914,4.030787467956543,78.53413662402109
task_smaple.png,7481.166404724121,6185.143749237061,9.912050247192383,4.245535850524902,48.805038167150656
task_smaple.png,7460.690574645996,6197.304733276367,9.425564765930176,4.168426513671875,71.33195486124193
task_smaple.png,7476.801914215088,6190.046001434326,8.252021789550781,4.044190406799316,52.53577628427083
task_smaple.png,7485.480514526367,6166.751667022705,7.411183834075928,3.17561674118042,47.25280937637356
task_smaple.png,7482.037208557129,6195.507404327393,6.487369060516357,3.7040395736694336,46.50374253009826
task_smaple.png,7483.490200042725,6179.486572265625,5.782402038574219,2.9832544326782227,56.27563270393297
task_smaple.png,7559.157440185547,10058.37612915039,14.355449676513672,5.557003498077393,75.40987832406302
task_smaple.png,7722.951770782471,2203.5267639160156,3.4105663299560547,3.082211494445801,51.545760854644996
task_smaple.png,7916.19743347168,2525.027877807617,6.4598236083984375,3.1836769580841064,59.818940184944246
task_smaple.png,7717.843589782715,2360.4963302612305,5.697814464569092,3.0221824645996094,16.71351046506164
task_smaple.png,7910.591369628906,2968.8138275146484,10.88514518737793,3.639190912246704,14.640527561395256
task_smaple.png,7928.334808349609,2999.359634399414,9.637662887573242,5.211658000946045,35.71108741499431
task_smaple.png,7933.389739990234,3029.4169921875,7.017472267150879,4.4971160888671875,10.797313304117896
task_smaple.png,7930.483108520508,3016.7627868652344,6.979084491729736,3.339235782623291,2.396607511825339
task_smaple.png,7921.484588623047,3019.429489135742,6.748939514160156,3.2052550315856934,6.633119002550843
task_smaple.png,7800.1567459106445,2985.2986755371094,6.487020492553711,3.0417943000793457,117.91387232148557
task_smaple.png,7889.77653503418,2946.5562286376953,6.424617767333984,2.6055498123168945,23.345723186886982
task_smaple.png,7899.067947387695,2963.7877197265625,6.406414985656738,2.797882080078125,55.61501680740934
task_smaple.png,7932.086883544922,3019.063018798828,6.306147575378418,3.105605363845825,4.577827996382088
task_smaple.png,7796.397087097168,2997.554733276367,6.143288612365723,2.810296058654785,37.00968054603757
task_smaple.png,7924.521621704102,3028.6737213134766,5.338038921356201,2.851102352142334,178.739234050442
task_smaple.png,7900.018081665039,2955.3299102783203,4.196109294891357,2.4626827239990234,40.19155832183386
task_smaple.png,7862.307266235352,5629.594421386719,6.898820877075195,3.6839511394500732,54.8783740752343
task_smaple.png,7912.327774047852,5635.678169250488,10.375082969665527,4.155686378479004,158.27941605204717
task_smaple.png,8188.970291137695,2142.552932739258,17.466272354125977,8.122471809387207,87.08876414435446
task_smaple.png,8187.310577392578,2317.4155168533325,20.846757888793945,10.794748306274414,87.9980125870449
task_smaple.png,7980.8669090271,2675.8218994140625,8.773887634277344,3.4302570819854736,89.90502189387998
task_smaple.png,7988.773288726807,2724.913116455078,5.153278350830078,3.059206008911133,66.99477107790548
task_smaple.png,8124.4793701171875,3013.0482330322266,6.770084381103516,3.5585684776306152,67.86410389508637
task_smaple.png,8124.317092895508,3038.2993927001953,5.854297161102295,3.2664237022399902,58.9800290303266
task_smaple.png,8041.906723022461,3053.1666259765625,5.4586896896362305,2.5338146686553955,130.76477762221617
task_smaple.png,7947.284644126892,3858.8201007843018,5.274150371551514,2.6318907737731934,42.60722889163271
task_smaple.png,8322.648544311523,3023.8019409179688,31.726070404052734,7.830329418182373,75.20150291286427
task_smaple.png,8263.916198730469,4346.116027832031,6.2752766609191895,2.811279773712158,114.38227519980629
task_smaple.png,8217.09974861145,4344.673934936523,5.972478866577148,2.7424044609069824,176.94998403508714
task_smaple.png,8228.433773040771,4347.179870605469,5.251345157623291,2.591817617416382,176.40628731677577
task_smaple.png,8237.61417388916,4349.061981201172,5.110476493835449,3.368321180343628,21.329420608047954
task_smaple.png,8444.430191040039,4594.57421875,6.57400369644165,3.171851396560669,120.73842875085263
task_smaple.png,8381.125183105469,6799.380218505859,14.89267635345459,7.004980087280273,82.19334900015288
task_smaple.png,8701.162948608398,1389.1212158203125,14.493524551391602,7.176133632659912,88.20784282853685
task_smaple.png,8471.499755859375,3735.496780395508,7.205761432647705,2.962385892868042,140.48451930173783
task_smaple.png,8475.039516448975,3801.75146484375,5.959107398986816,2.787790536880493,46.33824021631968
task_smaple.png,8474.590381622314,3748.2307891845703,5.9149980545043945,3.630385637283325,91.465966006038
task_smaple.png,8472.135959625244,3767.0519104003906,5.171486854553223,3.237478256225586,8.556037954396988
task_smaple.png,8555.32624053955,4443.923583984375,4.874057292938232,3.3567278385162354,50.76930494979794
task_smaple.png,8617.230514526367,4840.4544677734375,10.356134414672852,4.474513053894043,27.162070895064097
task_smaple.png,8588.02864074707,4836.061660766602,9.962575912475586,4.734209060668945,37.134433951227855
task_smaple.png,8618.380767822266,4727.19384765625,9.69617748260498,3.8910021781921387,15.036357514365006
task_smaple.png,8621.708999633789,4750.319686889648,8.638168334960938,3.21165132522583,25.173637195586014
task_smaple.png,8595.965072631836,4828.17561340332,7.2011895179748535,3.717402696609497,32.41039166839648
task_smaple.png,8630.92172241211,4744.651412963867,6.4626970291137695,3.1956310272216797,21.51816776311938
task_smaple.png,8605.962982177734,4844.2379150390625,5.820285797119141,3.271063804626465,17.149846854904148
task_smaple.png,8595.446334838867,4882.184093475342,8.614669799804688,5.463176727294922,36.42964039115258
task_smaple.png,8582.773727416992,4902.070606231689,7.44397497177124,3.171154499053955,36.312574363873146
task_smaple.png,8583.28823852539,4887.345792770386,7.078823089599609,3.6392860412597656,27.816654027003317
task_smaple.png,8630.723419189453,6227.727691650391,13.564168930053711,4.452816009521484,78.79944849214105
task_smaple.png,8956.350936889648,5110.287063598633,14.707351684570312,9.933134078979492,89.00589579153949
task_smaple.png,8957.527954101562,5086.0322265625,10.157516479492188,6.4978790283203125,90.09879436063324
task_smaple.png,9210.471313476562,1824.1360816955566,15.674836158752441,5.370877265930176,63.56652837874684
task_smaple.png,9108.191818237305,5290.274185180664,14.775875091552734,5.149419784545898,35.53550032690621
task_smaple.png,9067.835357666016,5300.587173461914,9.164627075195312,3.701420545578003,35.29182649807684
task_smaple.png,9210.952651977539,5413.444450378418,20.771629333496094,12.064589500427246,37.51618346922362
task_smaple.png,9466.381652832031,783.460597038269,21.254491806030273,11.062759399414062,86.42425504000393
task_smaple.png,9454.707778930664,775.1053409576416,15.98898696899414,10.500073432922363,93.77467239833986
task_smaple.png,9264.86325454712,2158.9941177368164,9.09487533569336,5.073143005371094,99.305711776892
task_smaple.png,9254.759788513184,2119.2211685180664,6.871588706970215,2.817857027053833,0.5058378335156206
task_smaple.png,9465.754943847656,2773.938751220703,11.831180572509766,4.417031764984131,109.19912467643958
task_smaple.png,9461.986801147461,2770.568145751953,10.101329803466797,4.621315002441406,107.9362978309851
task_smaple.png,9469.554443359375,2793.3265075683594,9.782151222229004,4.416411876678467,91.85762954361404
task_smaple.png,9467.85855102539,3025.1165771484375,24.26675796508789,12.453010559082031,50.29149565131512
task_smaple.png,9250.528221130371,4363.908576011658,19.011728286743164,8.094133377075195,78.66285153892997
task_smaple.png,9434.728790283203,5143.2159996032715,49.560943603515625,20.66089630126953,104.05493355209863
task_smaple.png,9507.66164779663,114.97833251953125,5.657581806182861,2.4675405025482178,37.34117694721497
task_smaple.png,9626.731948852539,778.6439266204834,57.805145263671875,20.08739471435547,6.962215446008628
task_smaple.png,9717.413375854492,779.2424726486206,17.868579864501953,6.0601725578308105,0.37252129209684576
task_smaple.png,9725.187515258789,814.774227142334,12.023797988891602,6.941123008728027,87.50091141925137
task_smaple.png,9720.557052612305,2496.5145111083984,36.41144943237305,24.189952850341797,95.2068332936973
task_smaple.png,9611.494598388672,2684.947822570801,16.72024917602539,6.013520240783691,36.332419478506615
task_smaple.png,9772.89001083374,59.26760482788086,13.417370796203613,3.3950066566467285,41.27580645634378
task_smaple.png,9764.361061096191,4663.131649017334,11.237994194030762,5.756234645843506,26.809377001797564
task_smaple.png,10135.919525146484,4793.089309692383,19.286785125732422,8.15813159942627,72.40888444805617
task_smaple.png,10132.39828491211,4798.235153198242,16.122201919555664,5.871169090270996,71.27176723427577
task_smaple.png,10425.472839355469,47.479820251464844,19.315866470336914,4.722343921661377,26.736415213536194
task_smaple.png,10424.110382080078,265.8765468597412,10.45224666595459,3.563783645629883,89.74136373117729
task_smaple.png,10315.533752441406,717.0463562011719,8.859359741210938,4.8404364585876465,89.93088099007764
task_smaple.png,10470.521682739258,4997.718048095703,12.360578536987305,3.577254056930542,82.88012452119767
task_smaple.png,10354.291404724121,10093.294708251953,14.197300910949707,5.257429122924805,11.472119772415878
task_smaple.png,10354.580505371094,10095.986305236816,12.607688903808594,4.769431114196777,20.04691598759466
task_smaple.png,10609.62190246582,252.4207000732422,8.99472427368164,4.571261405944824,123.5358829895931
task_smaple.png,10561.467750549316,246.19728088378906,8.722513198852539,7.920373439788818,137.49954904952386
task_smaple.png,10628.152481079102,266.66991806030273,72.39947509765625,20.987146377563477,177.62577661194655
task_smaple.png,10499.842073202133,265.5122756958008,12.506592750549316,8.581975936889648,96.48883248015203
task_smaple.png,10504.503770828247,1260.456283569336,44.74849319458008,15.506378173828125,86.25352763151028
task_smaple.png,10717.837158203125,1088.7474975585938,11.172993659973145,5.530638694763184,115.40529410350163
task_smaple.png,10535.816463470459,1732.3881225585938,10.449399948120117,3.8043103218078613,24.492206297566767
task_smaple.png,10542.860664367676,1740.3355560302734,9.53175163269043,4.919898986816406,23.962395353838048
task_smaple.png,10645.71711730957,4975.777526855469,26.02182960510254,6.852187156677246,24.9593775764173
task_smaple.png,10679.089553833008,5043.813995361328,15.988200187683105,5.353494644165039,44.43602228718738
task_smaple.png,10729.33659362793,5320.49169921875,19.255359649658203,7.121514320373535,21.89101071443745
task_smaple.png,10620.704872131348,5386.596607208252,12.358234405517578,6.559813022613525,72.2661130038354
task_smaple.png,10743.349975585938,8417.600891113281,50.07035827636719,18.079648971557617,88.8403729871934
task_smaple.png,10503.157664299011,10941.00942993164,27.40682601928711,8.815195083618164,42.34410951423631
task_smaple.png,10501.87537574768,10958.415603637695,24.201692581176758,8.20472526550293,38.631689964470105
task_smaple.png,10503.191583156586,10954.052169799805,21.93059539794922,6.590813636779785,41.88332104716515
task_smaple.png,10501.811192512512,10960.777130126953,20.10845947265625,7.213928699493408,40.005029270695395
task_smaple.png,10502.613111495972,10975.766326904297,9.244977951049805,4.328533172607422,23.805565672758092
task_smaple.png,10859.499633789062,355.72364807128906,9.554569244384766,4.7533063888549805,96.08118629991814
task_smaple.png,10803.356262207031,1355.9978485107422,30.484790802001953,15.99915885925293,45.59226403064381
task_smaple.png,10834.473442077637,1348.666244506836,20.006492614746094,8.499454498291016,115.07221309843678
task_smaple.png,10777.837017059326,1365.0043487548828,11.567952156066895,7.007234573364258,47.95092642653515
task_smaple.png,10977.16911315918,4287.801025390625,15.747401237487793,10.878812789916992,45.24398585467569
task_smaple.png,10927.317642211914,7880.729232788086,12.277093887329102,5.612554550170898,88.12486286031037
task_smaple.png,10795.0146484375,8088.144348144531,20.312177658081055,4.942303657531738,91.66901386968414
task_smaple.png,10729.15551662445,8483.72469329834,29.351396560668945,9.717556953430176,87.44303239622468
task_smaple.png,10726.792719841003,8487.727802276611,16.27060317993164,6.490978240966797,87.59331704853247
task_smaple.png,10941.762283325195,9873.416213989258,15.972538948059082,6.020627975463867,99.75962565856354
task_smaple.png,10952.408493041992,9877.133819580078,13.94954776763916,4.91689395904541,69.95896389466431
